{
  "fee_bps": 5.0,
  "slippage_bps": 0.0,
  "allow_short": false,
  "models": {
    "LR": {
      "tau": 0.5800000000000001,
      "Sharpe": 1.278162573454126,
      "CAGR": 0.07036115501849283,
      "max_drawdown": -0.030411047573142835,
      "hit_rate": 0.0673076923076923,
      "total_return": 0.11900801351728352,
      "vol_annual": 0.054449613434256895
    }
  }
}