{
  "fee_bps": 5.0,
  "slippage_bps": 0.0,
  "allow_short": false,
  "models": {
    "LR": {
      "tau": 0.5900000000000001,
      "Sharpe": 1.0908623916378921,
      "CAGR": 0.05032491896714353,
      "max_drawdown": -0.03274495697381219,
      "hit_rate": 0.03365384615384615,
      "total_return": 0.08458136662655846,
      "vol_annual": 0.04605617349906653
    }
  }
}