{
  "fee_bps": 5.0,
  "slippage_bps": 0.0,
  "allow_short": false,
  "models": {
    "LR": {
      "tau": 0.54,
      "Sharpe": 0.42668389532869555,
      "CAGR": 0.06168067915059794,
      "max_drawdown": -0.16114303068015778,
      "hit_rate": 0.2860576923076923,
      "total_return": 0.11039118539082615,
      "vol_annual": 0.19130180407665096
    }
  }
}