{
  "fee_bps": 5.0,
  "slippage_bps": 0.0,
  "allow_short": false,
  "models": {
    "LR": {
      "tau": 0.5900000000000001,
      "Sharpe": 2.0299626486711384,
      "CAGR": 0.08456037042766451,
      "max_drawdown": -0.0114789099238366,
      "hit_rate": 0.04326923076923077,
      "total_return": 0.14417061654587737,
      "vol_annual": 0.04059796738577183
    }
  }
}