{
  "as_of": "2025-10-10",
  "lookback_days": 60,
  "status": "ALERT",
  "issues": [
    "Sharpe60<-0.5"
  ],
  "kpis60": {
    "CAGR": -0.1804741756863275,
    "Vol": 0.06332956914842801,
    "Sharpe": -2.8497616218317083,
    "MaxDD": -0.05375623145791375
  },
  "cls60": {
    "AUC": 1.0,
    "Brier": 0.25698282615295426,
    "days": 60
  }
}