{
  "tau": 0.505,
  "grid": [
    0.5,
    0.505,
    0.51,
    0.515,
    0.52,
    0.525,
    0.53,
    0.535,
    0.54,
    0.545,
    0.55,
    0.555,
    0.56,
    0.5650000000000001,
    0.5700000000000001,
    0.575,
    0.5800000000000001,
    0.585,
    0.5900000000000001,
    0.595,
    0.6,
    0.605,
    0.61,
    0.615,
    0.62,
    0.625,
    0.63,
    0.635,
    0.64,
    0.645,
    0.65
  ],
  "val_sharpe": 0.28845063539998744
}