{
  "tau": 0.5900000000000001,
  "fee_bps": 5.0,
  "slippage_bps": 0.0,
  "as_of": "2025-10-10",
  "rows": 2686,
  "equity": 1.2177816991441166,
  "turnover": 0.0873015873015873
}