{
  "ts_utc": "2025-10-23T00:41:22.778234+00:00",
  "promote": false,
  "reason": "fails_guardrails",
  "new": {
    "model": "LR",
    "thr": 0.5596911486813771,
    "Sharpe": -0.8350221076586054,
    "CAGR": -0.0745922147354845,
    "total_return": -0.15253075843443376,
    "max_drawdown": -0.18799590989508974,
    "vol_annual": 0.08932962858269754,
    "AUC_test": 0.47917974471646785
  },
  "prod": {
    "model": "PROD",
    "thr": 0.59,
    "AUC_test": 0.47899839575922437,
    "Sharpe": -0.8414327300269396,
    "CAGR": -0.06994977516750267,
    "total_return": -0.1434284062079053,
    "max_drawdown": -0.16464420453018258,
    "vol_annual": 0.08313174977786178
  }
}