{
  "tau": 0.59,
  "fee_bps": 5.0,
  "slippage_bps": 0.0,
  "overall": {
    "CAGR": 0.03304720089168578,
    "Sharpe": 0.23014065518317303,
    "vol_annual": 0.14359566702972548,
    "total_return": 0.3698185035512864,
    "max_drawdown": -0.30297823496885445,
    "hit_rate": 0.06683066830668306
  }
}