{
  "Sharpe_strat": -1.841551615343113,
  "Sharpe_bh": -0.17440299385303892,
  "MaxDD_strat": -0.05185449800374631,
  "MaxDD_bh": -0.28252599520902255
}