{
  "BTC-USD": 0.4499999999999999,
  "ETH-USD": 0.4499999999999999
}