feature,gain_importance
ret5,0.12908438
volz,0.12840995
vol10,0.1268441
rsi14,0.124483734
macd,0.12412636
ret10,0.12401444
macd_signal,0.121940345
ret1,0.12109669
