model,AUC,Brier
lr,0.474127606855255,0.2535116318079743
xgb,0.4545942597563494,0.29535280776584916
