model,split,AUC,PR_AUC,Brier,LogLoss,PosRate
LR,val,0.4582569826198012,0.48829492803803437,0.2618554193841759,0.7181234716102585,0.5139664804469274
LR,test,0.47899839575922437,0.5202347844843264,0.2546618285974668,0.7025033034075208,0.5483271375464684
XGB,val,0.511327669498584,0.5285123171202861,0.2771363214196655,0.758238388594523,0.5139664804469274
XGB,test,0.4745344214270768,0.5227712017194412,0.2870526607090878,0.7757933326133848,0.5483271375464684
