tau,dead_zone,pos_rate_val,pos_rate_test,AUC_val,PR_val,Brier_val,LogLoss_val,AUC_test,PR_test,Brier_test,LogLoss_test
0.001,True,0.5224358974358975,0.5352564102564102,0.48593897970107464,0.5060217898183734,0.2516365347605225,0.6964294148038502,0.474086310138344,0.5207583629743573,0.25351164247777963,0.7002843997614537
0.001,False,0.4940119760479042,0.5014925373134328,0.48197955890263583,0.47918759017393353,0.25171283301049724,0.696585543995095,0.47166381522668943,0.49037373487853175,0.25293609562738534,0.6990781412712462
0.002,True,0.5241379310344828,0.5326460481099656,0.5018115942028986,0.5299100437645243,0.2505684307769357,0.6942771997456697,0.4614326375711575,0.5068196427570302,0.2538064951028684,0.7008783344250689
0.002,False,0.45808383233532934,0.47761194029850745,0.5037374065648359,0.45298133060299844,0.25114113306395114,0.6954535502621164,0.5000714285714285,0.4778473700590755,0.2519557265433365,0.6971215065159699
0.003,True,0.5390334572490706,0.5296296296296297,0.4932146829810901,0.5283174976174858,0.25200282027428883,0.6971793063976697,0.4771763669401465,0.5196716444975282,0.25334607204924303,0.6999972560024471
0.003,False,0.437125748502994,0.4388059701492537,0.47985281259108126,0.41918843170858716,0.2531496054983974,0.6995011365405402,0.48686495874945734,0.43446941602039046,0.25230327410628534,0.6978078267587706
0.004,True,0.5338645418326693,0.5198412698412699,0.4762724837351703,0.516776664664179,0.2529152125952475,0.6990106224319671,0.46741530502807394,0.5085925982285262,0.2536873100882272,0.7006775947523719
0.004,False,0.40718562874251496,0.40298507462686567,0.46349524658348196,0.3762885660460852,0.2569927478581086,0.7073467528624382,0.4656666666666667,0.3917925603638483,0.25511028312198836,0.7034947935102592
