feature,coef,abs_coef
ret1,-0.1729563225420031,0.1729563225420031
ret5,0.0456592177282009,0.0456592177282009
ret10,0.04144481204404524,0.04144481204404524
macd_signal,0.03741977435823316,0.03741977435823316
macd,-0.036132118155162214,0.036132118155162214
rsi14,0.019276895920059184,0.019276895920059184
volz,0.015563237114618737,0.015563237114618737
vol10,-0.01003007606377382,0.01003007606377382
