feature,coef,abs_coef
ret1,-0.17531681996427165,0.17531681996427165
macd,0.05686585907846951,0.05686585907846951
ret5,0.05239295242016994,0.05239295242016994
macd_signal,-0.03831426921988801,0.03831426921988801
rsi14,0.03153960761653697,0.03153960761653697
ret10,0.008287063715387514,0.008287063715387514
volz,0.0038053818200466942,0.0038053818200466942
vol10,-0.0009491475113938068,0.0009491475113938068
