feature,coef,abs_coef
macd,0.46479276274651776,0.46479276274651776
macd_signal,-0.3170949820116169,0.3170949820116169
ret1,-0.16384970572597693,0.16384970572597693
ret10,-0.0654163407846577,0.0654163407846577
ret5,0.06032201630317847,0.06032201630317847
vol10,0.025437811605291162,0.025437811605291162
rsi14,-0.021699024110858407,0.021699024110858407
volz,-0.011365964853525512,0.011365964853525512
