year,AUC,Brier,PosRate
2022,0.4245169082125604,0.2586078087207341,0.43902439024390244
2023,0.47497879558948264,0.25169473395212083,0.5695652173913044
