year,AUC,Brier,PosRate
2022,0.4166666666666667,0.2768794184750649,0.43902439024390244
2023,0.424550852031768,0.266969945762012,0.5695652173913044
