year,AUC,Brier,PosRate
2022,0.4455922865013774,0.28393589783136886,0.47058823529411764
2023,0.424550852031768,0.26696988468389926,0.5695652173913044
