year,AUC,Brier,PosRate
2024,0.4892452467831765,0.24992142584192426,0.6076555023923444
2025,0.41063829787234046,0.26431657054009555,0.5154639175257731
