year,AUC,Brier,PosRate
2024,0.48354046105682574,0.2465900286216402,0.6047619047619047
2025,0.41489361702127653,0.25903347103260976,0.5129533678756477
