tau,Sharpe,CAGR,total_return,max_drawdown,hit_rate,vol_annual
0.54,0.42668389532869555,0.06168067915059794,0.11039118539082615,-0.16114303068015778,0.2860576923076923,0.19130180407665096
