{
  "calibration_method": "isotonic",
  "val_rows": 500,
  "uncalibrated": {
    "auc": 0.47838969404186793,
    "ap": 0.5136932869700024,
    "brier": 0.25488800791731364,
    "logloss": 0.7029396012706304
  },
  "calibrated": {
    "auc": 0.5195893719806762,
    "ap": 0.5510073361161314,
    "brier": 0.24691170838839532,
    "logloss": 0.6861914094912345
  }
}